time_s,V_load_V,I_mA,P_mW,UVA,UVB,UVC
0.00,-0.000,-0.1,0.0,2.656,2.953,1.297
0.17,-0.000,0.0,0.0,2.656,2.953,1.297
0.34,0.000,-0.1,0.0,2.656,2.953,1.297
0.51,-0.000,0.0,0.0,2.656,2.953,1.297
0.68,-0.000,-0.0,0.0,2.656,2.953,1.297
0.85,0.000,0.0,0.0,2.656,2.953,1.297
1.01,0.000,-0.0,0.0,2.656,2.953,1.297
1.18,-0.000,0.0,0.0,2.656,2.953,1.297
1.35,0.000,0.0,0.0,2.656,2.953,1.297
1.52,-0.000,-0.1,0.0,2.656,2.953,1.297
1.69,-0.000,-0.1,0.0,2.656,2.953,1.297
1.86,-0.000,0.0,0.0,2.656,2.953,1.297
2.03,-0.000,-0.0,0.0,2.656,2.953,1.297
2.20,-0.000,0.0,0.0,2.656,2.953,1.297
2.37,-0.000,-0.0,0.0,2.656,2.953,1.297
2.54,-0.000,0.0,0.0,2.656,2.953,1.297
2.71,-0.000,0.0,0.0,2.656,2.953,1.297
2.88,-0.000,-0.1,0.0,2.656,2.953,1.297
3.05,0.000,0.0,0.0,2.656,2.953,1.297
3.22,-0.000,-0.0,0.0,2.656,2.953,1.297
3.39,-0.000,-0.1,0.0,2.656,2.953,1.297
3.56,0.000,0.0,0.0,2.656,2.953,1.297
3.72,0.000,-0.0,0.0,2.656,2.953,1.297
3.89,-0.000,0.0,0.0,2.656,2.953,1.297
4.06,-0.000,0.0,0.0,2.656,2.953,1.297
4.23,-0.000,0.0,0.0,2.656,2.953,1.297
4.40,0.000,-0.0,0.0,2.656,2.953,1.297
4.57,-0.000,-0.0,0.0,2.656,2.953,1.297
4.74,-0.000,-0.0,0.0,2.656,2.953,1.297
4.91,-0.000,0.0,0.0,2.656,2.953,1.297
5.08,-0.000,-0.1,0.0,2.656,2.953,1.297
5.25,-0.000,-0.1,0.0,2.656,2.953,1.297
5.42,-0.000,-0.1,0.0,2.656,2.953,1.297
5.59,-0.000,-0.1,0.0,2.656,2.953,1.297
5.75,-0.000,-0.0,0.0,2.656,2.953,1.297
5.92,-0.000,-0.1,0.0,2.656,2.953,1.297
6.09,-0.000,-0.1,0.0,2.656,2.953,1.297
6.26,-0.000,-0.0,0.0,2.656,2.953,1.297
6.43,0.000,-0.1,0.0,2.656,2.953,1.297
6.60,-0.000,-0.1,0.0,2.656,2.953,1.297
6.77,-0.000,0.0,0.0,2.656,2.953,1.297
6.94,0.000,-0.0,0.0,2.656,2.953,1.297
7.11,-0.000,-0.1,0.0,2.656,2.953,1.297
7.28,-0.000,-0.0,0.0,2.656,2.953,1.297
7.44,-0.000,-0.0,0.0,2.656,2.953,1.297
7.61,-0.000,-0.1,0.0,2.656,2.953,1.297
7.78,-0.000,-0.0,0.0,2.656,2.953,1.297
7.95,-0.000,-0.1,0.0,2.656,2.953,1.297
8.12,-0.000,-0.0,0.0,2.656,2.953,1.297
8.29,0.000,-0.0,0.0,2.656,2.953,1.297
8.46,0.000,-0.1,0.0,2.656,2.953,1.297
8.63,0.000,-0.1,0.0,2.656,2.953,1.297
8.80,0.000,0.0,0.0,2.656,2.953,1.297
8.97,0.004,0.2,0.0,2.656,2.953,1.297
9.14,0.008,0.2,0.0,7.969,2.953,1.297
9.31,0.005,0.2,0.0,13.281,2.953,1.297
9.47,0.004,0.2,0.0,21.250,2.953,1.297
9.64,0.004,0.2,0.0,21.250,2.953,1.297
9.81,0.004,0.1,0.0,21.250,2.953,1.297
9.98,0.004,0.1,0.0,21.250,2.953,1.297
10.15,0.004,0.2,0.0,18.594,2.953,1.297
10.32,0.008,0.2,0.0,13.281,2.953,1.297
10.49,0.015,0.3,0.0,7.969,2.953,1.297
10.66,0.020,0.3,0.0,2.656,2.953,1.297
10.83,0.024,0.4,0.0,2.656,2.953,1.297
11.00,0.028,0.4,0.0,2.656,2.953,1.297
11.17,0.031,0.4,0.0,2.656,2.953,1.297
11.34,0.028,0.4,0.0,2.656,2.953,1.297
11.50,0.028,0.4,0.0,2.656,2.953,1.297
11.67,0.028,0.4,0.0,2.656,2.953,1.297
11.84,0.028,0.4,0.0,2.656,2.953,1.297
12.01,0.024,0.4,0.0,2.656,2.953,1.297
12.18,0.023,0.3,0.0,2.656,2.953,1.297
12.35,0.016,0.3,0.0,2.656,2.953,1.297
12.52,0.012,0.2,0.0,2.656,2.953,1.297
12.69,0.008,0.2,0.0,5.312,2.953,1.297
12.86,0.005,0.2,0.0,5.312,2.953,1.297
13.02,0.004,0.1,0.0,7.969,2.953,1.297
13.20,0.003,0.2,0.0,10.625,2.953,1.297
13.36,0.003,0.2,0.0,15.938,2.953,1.297
13.53,0.008,0.2,0.0,18.594,2.953,1.297
13.70,0.021,0.3,0.0,23.906,2.953,1.297
13.87,0.033,0.4,0.0,37.188,2.953,1.297
14.04,0.032,0.5,0.0,39.844,2.953,1.297
14.21,0.032,0.5,0.0,55.781,2.953,1.297
14.38,0.040,0.5,0.0,50.469,2.953,1.297
14.55,0.044,0.6,0.0,58.437,2.953,1.297
14.72,0.052,0.7,0.0,79.687,2.953,1.297
14.89,0.064,0.8,0.1,74.375,2.953,1.297
15.06,0.064,0.8,0.1,39.844,2.953,1.297
15.22,0.076,0.9,0.1,34.531,2.953,1.297
15.40,0.080,0.9,0.1,18.594,2.953,1.297
15.56,0.084,1.0,0.1,15.938,2.953,1.297
15.73,0.087,1.0,0.1,37.188,2.953,1.297
15.90,0.104,1.2,0.1,34.531,2.953,1.297
16.07,0.093,1.1,0.1,21.250,2.953,1.297
16.24,0.100,1.1,0.1,21.250,2.953,1.297
16.41,0.104,1.2,0.1,21.250,2.953,1.297
16.58,0.103,1.2,0.1,23.906,2.953,1.297
16.75,0.108,1.2,0.1,37.188,2.953,1.297
16.92,0.108,1.2,0.1,71.719,2.953,1.297
17.08,0.103,1.2,0.1,130.156,2.953,1.297
17.25,0.107,1.2,0.1,196.562,5.906,2.594
17.42,0.116,1.3,0.2,225.781,5.906,2.594
17.59,0.120,1.3,0.2,225.781,5.906,2.594
17.76,0.115,1.3,0.1,231.094,5.906,2.594
17.93,0.120,1.3,0.2,252.344,5.906,2.594
18.10,0.124,1.4,0.2,281.563,5.906,2.594
18.27,0.132,1.5,0.2,313.437,5.906,2.594
18.44,0.140,1.5,0.2,329.375,5.906,2.594
18.61,0.154,1.7,0.3,329.375,5.906,2.594
18.78,0.176,1.9,0.3,462.187,8.859,3.891
18.96,0.223,2.4,0.5,467.500,8.859,3.891
19.14,0.311,3.3,1.0,326.719,8.859,2.594
19.31,1.151,11.6,13.4,432.969,8.859,3.891
19.48,3.154,32.0,101.1,451.562,8.859,3.891
19.65,3.541,35.8,126.8,494.062,8.859,3.891
19.82,3.536,35.8,126.5,504.687,8.859,3.891
19.98,3.496,35.3,123.4,486.094,8.859,3.891
20.15,3.597,36.3,130.7,470.156,8.859,3.891
20.32,3.568,36.1,128.8,480.781,8.859,3.891
20.49,3.478,35.2,122.4,475.469,8.859,3.891
20.66,3.496,35.4,123.7,486.094,8.859,3.891
20.83,3.560,36.0,128.3,486.094,8.859,3.891
21.00,3.469,35.1,121.8,486.094,8.859,3.891
21.17,3.413,34.5,117.7,494.062,8.859,3.891
21.34,3.465,35.0,121.3,483.437,8.859,3.891
21.51,3.582,36.3,130.0,494.062,8.859,3.891
21.68,3.361,34.1,114.7,488.750,8.859,3.891
21.84,3.417,34.6,118.2,488.750,8.859,3.891
22.01,3.435,34.8,119.6,486.094,8.859,3.891
22.18,3.429,34.7,119.1,483.437,8.859,3.891
22.35,3.429,34.7,119.1,486.094,8.859,3.891
22.52,3.457,35.0,120.9,488.750,8.859,3.891
22.69,3.470,35.1,121.9,494.062,8.859,3.891
22.86,3.423,34.7,118.7,494.062,8.859,3.891
23.03,3.355,34.0,114.0,494.062,8.859,3.891
23.20,3.317,33.6,111.4,494.062,8.859,3.891
23.37,2.991,30.0,89.9,494.062,8.859,3.891
23.54,1.647,16.8,27.7,494.062,8.859,3.891
23.71,1.715,17.4,29.9,499.375,8.859,3.891
23.87,1.962,20.0,39.2,494.062,8.859,3.891
24.04,2.448,24.9,61.1,494.062,8.859,3.891
24.21,3.123,31.7,99.0,494.062,8.859,3.891
24.38,3.345,33.8,113.2,494.062,8.859,3.891
24.55,3.357,34.0,114.1,496.719,8.859,3.891
24.72,2.749,27.9,76.6,488.750,8.859,3.891
24.89,2.911,29.6,86.1,483.437,8.859,3.891
25.06,1.191,11.4,16.0,483.437,8.859,3.891
25.23,3.170,32.2,102.1,467.500,8.859,3.891
25.40,3.226,32.7,105.4,472.813,8.859,3.891
25.57,3.178,32.2,102.2,472.813,8.859,3.891
25.74,0.121,1.4,0.2,409.062,5.906,2.594
25.91,0.117,1.4,0.2,188.594,2.953,2.594
26.07,0.117,1.3,0.2,114.219,2.953,2.594
26.24,0.123,1.4,0.2,162.031,2.953,2.594
26.41,0.132,1.5,0.2,199.219,2.953,2.594
26.58,0.180,2.0,0.4,199.219,2.953,2.594
26.75,0.127,1.4,0.2,557.812,8.859,3.891
26.92,0.119,1.3,0.2,711.875,20.672,6.484
27.09,0.129,1.5,0.2,706.562,17.719,6.484
27.26,0.159,1.7,0.3,709.219,17.719,6.484
27.43,1.690,17.3,29.3,706.562,17.719,5.187
27.60,1.953,19.8,38.7,711.875,20.672,6.484
27.77,2.352,23.9,56.2,703.906,20.672,6.484
27.93,2.640,26.9,71.1,709.219,20.672,6.484
28.10,2.382,24.2,57.6,703.906,17.719,6.484
28.27,1.213,12.4,15.1,706.562,20.672,6.484
28.44,2.436,24.6,60.0,706.562,17.719,6.484
28.61,1.915,19.4,37.2,701.250,17.719,6.484
28.78,3.415,34.5,118.0,701.250,17.719,6.484
28.95,1.858,18.6,35.0,703.906,20.672,6.484
29.12,1.353,13.7,18.6,706.562,20.672,6.484
29.29,1.829,18.6,34.0,706.562,20.672,6.484
29.46,1.830,18.7,34.2,703.906,20.672,6.484
29.63,1.838,18.9,34.8,703.906,20.672,6.484
29.80,1.408,14.3,20.2,703.906,20.672,6.484
29.97,1.132,11.5,13.0,709.219,20.672,6.484
30.13,0.754,7.8,5.9,701.250,17.719,6.484
30.30,1.236,12.6,15.6,703.906,17.719,6.484
30.47,1.913,19.8,38.9,706.562,20.672,6.484
30.64,1.492,14.9,22.6,703.906,20.672,6.484
30.81,1.437,14.6,21.0,709.219,23.625,6.484
30.98,1.417,14.6,20.7,711.875,26.578,7.781
31.15,1.511,15.4,23.3,711.875,26.578,7.781
31.32,1.499,15.3,22.9,711.875,26.578,7.781
31.49,1.592,16.2,25.7,711.875,26.578,7.781
31.66,1.578,16.1,25.3,703.906,23.625,7.781
31.83,1.603,16.3,26.1,701.250,23.625,7.781
32.00,2.604,26.6,69.5,698.594,20.672,6.484
32.16,2.523,25.5,64.3,695.937,20.672,6.484
32.33,1.498,15.3,22.9,695.937,20.672,6.484
32.50,2.627,26.6,69.8,695.937,20.672,6.484
32.67,2.567,25.7,66.7,695.937,20.672,6.484
32.84,2.440,24.7,60.3,693.281,20.672,6.484
33.01,2.449,24.8,60.8,695.937,20.672,6.484
33.18,1.551,15.8,24.5,690.625,20.672,6.484
33.35,1.436,14.7,21.1,693.281,20.672,6.484
33.52,1.373,14.0,19.2,693.281,20.672,6.484
33.69,1.495,15.2,22.8,693.281,20.672,6.484
33.86,1.395,14.3,19.9,693.281,20.672,6.484
34.03,1.502,15.0,23.0,693.281,20.672,6.484
34.19,1.283,13.1,16.8,693.281,20.672,6.484
34.36,1.257,12.8,16.1,693.281,20.672,6.484
34.53,1.292,13.2,17.1,695.937,20.672,6.484
34.70,1.220,12.5,15.3,693.281,20.672,6.484
34.87,1.356,13.8,18.7,693.281,20.672,6.484
35.04,1.403,14.3,20.0,695.937,20.672,6.484
35.21,1.428,14.5,20.7,693.281,20.672,6.484
35.38,1.348,13.8,18.6,693.281,20.672,6.484
35.55,1.465,14.9,21.8,693.281,20.672,6.484
35.72,1.344,13.7,18.4,693.281,23.625,7.781
35.89,1.409,14.3,20.2,693.281,23.625,6.484
36.06,1.478,15.0,22.2,690.625,23.625,7.781
36.22,1.484,15.1,22.5,693.281,23.625,7.781
36.39,1.299,13.2,17.2,690.625,20.672,6.484
36.56,1.257,12.8,16.1,693.281,23.625,6.484
36.73,1.232,12.5,15.4,695.937,23.625,7.781
36.90,1.228,12.5,15.4,695.937,20.672,6.484
37.07,1.875,19.2,36.1,695.937,20.672,6.484
37.24,2.438,24.7,60.1,695.937,20.672,6.484
37.41,2.238,22.7,50.8,698.594,20.672,6.484
37.58,2.406,24.3,58.6,695.937,20.672,6.484
37.75,2.338,23.7,55.5,695.937,20.672,6.484
37.92,0.116,1.3,0.2,695.937,17.719,6.484
38.08,3.502,35.5,124.3,701.250,20.672,6.484
38.25,3.442,34.9,120.1,693.281,17.719,6.484
38.42,3.482,35.3,122.8,680.000,17.719,5.187
38.59,3.512,35.6,125.1,677.344,17.719,5.187
38.76,3.510,35.6,125.0,677.344,17.719,5.187
38.93,3.500,35.4,124.0,677.344,17.719,5.187
39.10,3.504,35.5,124.4,685.313,17.719,5.187
39.27,3.500,35.5,124.4,695.937,17.719,5.187
39.44,3.405,34.5,117.6,693.281,17.719,5.187
39.61,3.516,35.6,125.3,693.281,14.766,5.187
39.78,3.540,35.9,127.0,693.281,14.766,5.187
39.95,3.548,36.0,127.7,693.281,14.766,5.187
40.12,3.506,35.6,124.7,693.281,14.766,5.187
40.28,3.454,35.0,121.0,693.281,14.766,5.187
40.45,3.486,35.3,123.2,693.281,14.766,5.187
40.62,3.538,35.9,126.9,693.281,14.766,5.187
40.79,3.536,35.9,126.8,695.937,14.766,5.187
40.96,3.521,35.7,125.7,693.281,14.766,5.187
41.13,3.501,35.5,124.4,695.937,17.719,5.187
41.30,3.540,35.9,127.1,701.250,17.719,5.187
41.47,3.529,35.8,126.5,717.187,23.625,6.484
41.64,3.500,35.5,124.2,749.062,26.578,7.781
41.81,3.385,34.3,116.1,812.813,67.922,12.969
41.98,3.457,35.0,120.9,834.062,76.781,14.266
42.15,3.435,34.9,119.9,857.969,82.688,15.563
42.31,3.391,34.4,116.8,865.938,82.688,16.859
42.48,3.425,34.7,119.0,873.906,85.641,16.859
42.65,3.431,34.8,119.4,868.594,82.688,16.859
42.82,3.403,34.5,117.4,876.562,85.641,18.156
42.99,3.496,35.5,124.0,871.250,85.641,18.156
43.16,3.477,35.3,122.6,876.562,85.641,18.156
43.33,3.449,35.1,120.9,868.594,85.641,18.156
43.50,3.395,34.5,117.2,868.594,85.641,16.859
43.67,3.321,33.8,112.1,865.938,85.641,16.859
43.84,3.223,32.7,105.5,871.250,85.641,16.859
44.01,3.359,34.1,114.7,865.938,85.641,16.859
44.18,3.427,34.8,119.3,865.938,85.641,16.859
44.35,3.407,34.6,117.9,860.625,82.688,16.859
44.51,3.182,32.3,102.7,863.281,82.688,16.859
44.68,3.442,34.9,120.2,865.938,82.688,16.859
44.85,3.466,35.2,122.0,863.281,82.688,16.859
45.02,3.449,35.0,120.7,863.281,82.688,16.859
45.19,3.423,34.7,118.9,860.625,79.734,15.563
45.36,3.458,35.1,121.4,868.594,85.641,16.859
45.53,3.437,34.9,119.9,865.938,82.688,16.859
45.70,3.429,34.8,119.3,860.625,82.688,16.859
45.87,3.429,34.8,119.2,863.281,82.688,16.859
46.03,3.426,34.8,119.2,857.969,82.688,16.859
46.20,3.413,34.6,118.2,868.594,82.688,16.859
46.37,3.415,34.7,118.4,873.906,85.641,18.156
46.54,3.411,34.7,118.3,871.250,82.688,16.859
46.71,3.419,34.8,118.9,868.594,82.688,16.859
46.88,3.398,34.5,117.2,871.250,85.641,18.156
47.05,3.361,34.1,114.6,868.594,82.688,16.859
47.22,3.386,34.4,116.5,879.219,82.688,18.156
47.39,3.375,34.3,115.8,876.562,85.641,18.156
47.56,3.382,34.4,116.2,879.219,85.641,18.156
47.73,3.350,34.0,113.9,868.594,82.688,16.859
47.90,3.382,34.3,116.0,857.969,79.734,16.859
48.06,3.395,34.5,117.0,865.938,82.688,16.859
48.23,3.401,34.5,117.3,863.281,79.734,16.859
48.40,3.415,34.6,118.3,865.938,82.688,16.859
48.57,3.379,34.3,115.9,863.281,82.688,16.859
48.74,3.399,34.5,117.3,863.281,82.688,16.859
48.91,3.415,34.7,118.4,865.938,79.734,16.859
49.08,3.418,34.7,118.6,860.625,82.688,16.859
49.25,3.389,34.4,116.6,868.594,82.688,16.859
49.42,3.402,34.6,117.6,857.969,79.734,16.859
49.59,3.422,34.8,119.0,857.969,82.688,16.859
49.76,3.417,34.6,118.3,852.656,82.688,16.859
49.93,3.398,34.5,117.1,844.688,79.734,15.563
50.10,3.387,34.4,116.5,855.312,82.688,16.859
50.26,3.433,34.9,119.7,855.312,82.688,16.859
50.43,3.395,34.4,116.9,852.656,79.734,16.859
50.60,3.421,34.7,118.6,855.312,82.688,16.859
50.77,3.381,34.3,116.1,857.969,82.688,18.156
50.94,3.322,33.8,112.2,850.000,82.688,16.859
51.11,3.359,34.1,114.7,850.000,82.688,16.859
51.28,3.241,32.9,106.7,857.969,82.688,16.859
51.45,3.170,32.1,101.9,873.906,82.688,18.156
51.62,3.367,34.2,115.1,865.938,79.734,16.859
51.79,3.371,34.2,115.4,873.906,82.688,16.859
51.96,3.379,34.3,115.8,871.250,79.734,16.859
52.13,3.374,34.3,115.6,847.344,79.734,16.859
52.29,3.429,34.8,119.4,852.656,79.734,16.859
52.46,3.411,34.6,118.2,850.000,79.734,16.859
52.63,3.414,34.7,118.4,850.000,82.688,16.859
52.80,3.411,34.7,118.3,857.969,82.688,16.859
52.97,3.389,34.4,116.5,857.969,79.734,16.859
53.14,3.391,34.4,116.6,855.312,79.734,15.563
53.31,3.446,35.0,120.5,857.969,82.688,16.859
53.48,3.355,34.1,114.3,850.000,76.781,15.563
53.65,3.311,33.6,111.4,844.688,76.781,15.563
53.82,3.346,34.0,113.7,850.000,79.734,15.563
53.99,3.414,34.6,118.2,850.000,76.781,15.563
54.15,3.374,34.3,115.6,847.344,73.828,15.563
54.32,3.241,32.9,106.6,844.688,73.828,15.563
54.49,3.295,33.5,110.3,836.719,70.875,14.266
54.66,3.298,33.5,110.5,839.375,67.922,14.266
54.83,3.273,33.2,108.6,852.656,79.734,15.563
55.00,3.484,35.4,123.2,847.344,73.828,15.563
55.17,3.443,35.0,120.5,847.344,73.828,14.266
55.34,3.450,35.0,120.9,847.344,73.828,15.563
55.51,3.446,35.0,120.6,855.312,79.734,15.563
55.68,3.391,34.4,116.8,844.688,73.828,14.266
55.85,3.330,33.8,112.7,839.375,70.875,14.266
56.02,3.281,33.3,109.2,828.750,64.969,12.969
56.19,3.403,34.5,117.5,831.406,67.922,12.969
56.36,3.358,34.1,114.5,839.375,67.922,14.266
56.53,3.341,33.9,113.3,839.375,70.875,14.266
56.69,3.345,34.0,113.6,842.031,70.875,14.266
56.86,3.361,34.1,114.6,839.375,70.875,14.266
57.03,3.429,34.9,119.6,844.688,73.828,14.266
57.20,3.343,34.0,113.6,842.031,70.875,14.266
57.37,3.351,34.0,114.1,842.031,70.875,14.266
57.54,3.370,34.2,115.1,847.344,76.781,15.563
57.71,3.386,34.4,116.5,850.000,79.734,15.563
57.88,3.258,33.1,108.0,865.938,82.688,18.156
58.05,3.254,33.1,107.6,852.656,82.688,18.156
58.22,3.234,32.8,106.2,844.688,76.781,16.859
58.39,3.258,33.1,107.7,857.969,79.734,16.859
58.56,3.194,32.5,103.7,844.688,73.828,15.563
58.72,3.157,32.1,101.2,873.906,73.828,15.563
58.89,3.205,32.5,104.3,857.969,73.828,15.563
59.06,3.271,33.2,108.6,857.969,70.875,14.266
59.23,3.287,33.4,109.7,850.000,76.781,15.563
59.40,3.366,34.2,115.1,850.000,73.828,15.563
59.57,3.289,33.4,109.8,844.688,73.828,15.563
59.74,3.131,31.9,99.8,844.688,73.828,15.563
59.91,3.366,34.2,115.1,850.000,76.781,15.563
60.08,3.231,32.8,106.1,850.000,73.828,15.563
60.25,3.226,32.7,105.6,857.969,76.781,15.563
60.42,3.147,31.9,100.4,850.000,76.781,15.563
60.59,3.297,33.5,110.3,852.656,73.828,15.563
60.76,3.267,33.2,108.5,847.344,73.828,15.563
60.92,3.294,33.5,110.5,852.656,76.781,15.563
61.09,3.175,32.4,102.8,842.031,73.828,15.563
61.26,3.056,31.0,94.9,855.312,73.828,15.563
61.43,3.169,32.2,101.9,857.969,76.781,15.563
61.60,3.297,33.5,110.3,860.625,76.781,15.563
61.77,3.142,31.9,100.1,857.969,76.781,15.563
61.94,3.215,32.6,104.9,844.688,76.781,15.563
62.11,3.238,32.8,106.3,855.312,76.781,15.563
62.28,3.142,31.9,100.2,847.344,73.828,15.563
62.45,3.060,31.0,95.0,857.969,76.781,16.859
62.62,3.247,33.0,107.2,855.312,76.781,15.563
62.79,3.202,32.6,104.4,850.000,76.781,15.563
62.96,2.515,25.6,64.5,847.344,73.828,15.563
63.12,3.039,30.7,93.5,860.625,76.781,16.859
63.29,3.291,33.4,110.0,860.625,76.781,15.563
63.46,2.896,29.6,86.0,847.344,73.828,15.563
63.63,2.928,29.8,87.2,839.375,70.875,14.266
63.80,2.878,29.2,84.1,852.656,73.828,15.563
63.97,3.096,31.3,96.9,850.000,73.828,15.563
64.14,3.165,32.1,101.7,850.000,73.828,15.563
64.31,3.341,33.9,113.1,850.000,76.781,15.563
64.48,3.137,31.9,100.1,860.625,79.734,16.859
64.65,2.996,30.5,91.3,844.688,76.781,15.563
64.82,2.955,30.0,88.7,847.344,76.781,16.859
64.99,2.952,29.9,88.4,844.688,76.781,15.563
65.15,3.125,31.6,98.9,847.344,73.828,15.563
65.32,3.088,31.3,96.7,844.688,73.828,15.563
65.49,3.082,31.2,96.3,847.344,76.781,15.563
65.66,3.035,30.8,93.4,847.344,76.781,15.563
65.83,3.023,30.7,92.7,850.000,76.781,15.563
66.00,2.968,30.1,89.3,850.000,76.781,15.563
66.17,3.082,31.3,96.6,852.656,76.781,16.859
66.34,2.880,29.3,84.3,855.312,79.734,16.859
66.51,2.826,28.6,81.0,857.969,79.734,16.859
66.68,3.197,32.4,103.5,860.625,79.734,16.859
66.85,3.302,33.5,110.6,850.000,76.781,15.563
67.01,3.279,33.3,109.1,852.656,76.781,16.859
67.18,3.011,30.6,92.1,852.656,76.781,16.859
67.35,2.939,29.7,87.4,860.625,79.734,16.859
67.52,3.034,30.7,93.1,852.656,76.781,15.563
67.69,3.219,32.6,105.0,855.312,76.781,16.859
67.86,3.040,30.9,94.0,860.625,79.734,16.859
68.03,2.906,29.5,85.6,855.312,76.781,16.859
68.20,2.968,30.1,89.3,852.656,76.781,15.563
68.37,3.070,31.1,95.5,850.000,76.781,15.563
68.54,2.996,30.4,91.2,855.312,76.781,15.563
68.71,3.100,31.5,97.6,847.344,73.828,15.563
68.88,3.102,31.5,97.6,850.000,73.828,15.563
69.04,3.020,30.7,92.6,855.312,73.828,15.563
69.21,3.058,31.0,94.9,852.656,73.828,15.563
69.38,2.962,30.1,89.1,860.625,79.734,16.859
69.55,3.016,30.6,92.3,857.969,76.781,16.859
69.72,3.030,30.8,93.2,860.625,79.734,16.859
69.89,2.978,30.2,90.0,857.969,76.781,16.859
70.06,2.966,30.2,89.6,857.969,76.781,16.859
70.23,2.838,28.8,81.8,863.281,79.734,16.859
70.40,2.912,29.5,86.0,860.625,79.734,16.859
70.57,2.954,29.9,88.3,860.625,79.734,16.859
70.74,3.181,32.2,102.5,855.312,76.781,15.563
70.91,3.190,32.4,103.3,857.969,79.734,16.859
71.07,3.155,32.1,101.3,857.969,76.781,16.859
71.24,3.059,31.1,95.1,857.969,76.781,16.859
71.41,3.086,31.4,96.8,857.969,76.781,16.859
71.58,3.038,30.9,93.9,857.969,76.781,16.859
71.75,2.915,29.6,86.4,855.312,76.781,16.859
71.92,2.986,30.3,90.5,857.969,76.781,16.859
72.09,3.011,30.6,92.0,860.625,76.781,16.859
72.26,3.007,30.6,92.1,857.969,76.781,16.859
72.43,2.836,28.9,81.9,863.281,79.734,16.859
72.60,2.912,29.7,86.4,863.281,79.734,16.859
72.77,3.046,31.0,94.3,863.281,79.734,16.859
72.94,2.958,30.1,88.9,863.281,79.734,16.859
73.11,2.860,29.1,83.1,865.938,79.734,16.859
73.27,2.908,29.4,85.6,865.938,79.734,16.859
73.44,3.112,31.5,98.2,865.938,79.734,16.859
73.61,3.118,31.7,98.7,863.281,79.734,16.859
73.78,3.030,30.8,93.2,860.625,79.734,16.859
73.95,3.008,30.6,92.0,857.969,76.781,16.859
74.12,3.003,30.5,91.6,857.969,76.781,15.563
74.29,3.043,30.9,94.0,857.969,76.781,16.859
74.46,3.028,30.8,93.2,860.625,76.781,16.859
74.63,3.000,30.5,91.5,860.625,76.781,16.859
74.80,3.008,30.6,92.1,863.281,76.781,16.859
74.97,3.023,30.7,92.9,863.281,76.781,16.859
75.14,2.956,30.0,88.7,868.594,76.781,16.859
75.30,3.035,30.8,93.5,865.938,76.781,16.859
75.47,3.019,30.6,92.4,868.594,79.734,16.859
75.64,3.035,30.8,93.6,868.594,79.734,16.859
75.81,3.046,30.9,94.2,865.938,76.781,16.859
75.98,2.999,30.5,91.4,865.938,76.781,16.859
76.15,2.947,29.9,88.1,868.594,79.734,16.859
76.32,3.016,30.6,92.4,868.594,76.781,16.859
76.49,3.030,30.7,93.1,868.594,79.734,16.859
76.66,3.026,30.7,92.9,868.594,76.781,16.859
76.83,3.036,30.8,93.5,868.594,76.781,16.859
77.00,2.988,30.3,90.5,865.938,76.781,16.859
77.17,3.003,30.5,91.7,865.938,76.781,16.859
77.34,3.012,30.5,92.0,865.938,76.781,16.859
77.50,3.019,30.7,92.6,865.938,76.781,16.859
77.67,3.028,30.8,93.3,865.938,76.781,16.859
77.84,3.040,30.9,93.9,865.938,76.781,16.859
78.01,3.016,30.6,92.3,865.938,76.781,16.859
78.18,3.028,30.8,93.2,865.938,76.781,16.859
78.35,3.039,30.8,93.7,863.281,76.781,16.859
78.52,3.046,30.9,94.1,863.281,76.781,16.859
78.69,3.051,31.0,94.6,855.312,76.781,16.859
78.86,3.052,31.0,94.7,855.312,76.781,15.563
79.03,3.056,31.0,94.9,857.969,76.781,16.859
79.19,3.050,31.0,94.4,860.625,76.781,16.859
79.37,3.078,31.2,96.1,860.625,76.781,16.859
79.54,3.075,31.2,95.9,857.969,76.781,16.859
79.70,3.066,31.1,95.4,857.969,76.781,15.563
79.87,3.031,30.8,93.3,860.625,76.781,16.859
80.04,3.043,30.9,94.1,860.625,76.781,16.859
80.21,3.040,30.9,93.8,860.625,76.781,16.859
80.38,3.070,31.2,95.8,857.969,76.781,16.859
80.55,3.031,30.7,93.2,865.938,76.781,16.859
80.72,3.084,31.3,96.6,863.281,79.734,16.859
80.89,3.121,31.7,98.8,863.281,76.781,16.859
81.06,3.086,31.3,96.7,860.625,79.734,16.859
81.23,3.063,31.1,95.3,871.250,76.781,16.859
81.40,3.079,31.3,96.3,855.312,76.781,16.859
81.57,3.116,31.7,98.8,852.656,76.781,15.563
81.74,3.151,32.0,100.8,857.969,76.781,16.859
81.90,3.086,31.4,96.8,857.969,79.734,16.859
82.07,3.032,30.8,93.4,871.250,79.734,16.859
82.24,3.075,31.2,96.0,857.969,79.734,16.859
82.41,3.044,30.9,94.1,871.250,79.734,18.156
82.58,3.002,30.5,91.5,868.594,79.734,18.156
82.75,3.018,30.6,92.4,879.219,79.734,18.156
82.92,2.995,30.4,91.1,881.875,82.688,18.156
83.09,2.991,30.4,90.8,892.500,79.734,18.156
83.26,3.050,31.0,94.4,881.875,79.734,18.156
83.43,3.080,31.3,96.3,876.562,79.734,18.156
83.60,3.036,30.8,93.6,889.844,79.734,18.156
83.76,2.984,30.3,90.3,884.531,79.734,18.156
83.93,3.003,30.5,91.6,879.219,82.688,18.156
84.10,3.028,30.7,93.1,876.562,79.734,18.156
84.27,3.022,30.7,92.8,873.906,79.734,18.156
84.44,2.988,30.4,90.7,871.250,82.688,18.156
84.61,3.002,30.4,91.4,884.531,82.688,19.453
84.78,3.026,30.7,93.0,871.250,79.734,18.156
84.95,3.014,30.6,92.2,873.906,82.688,18.156
85.12,2.998,30.4,91.1,855.312,82.688,19.453
85.29,3.072,31.2,95.8,884.531,82.688,18.156
85.46,3.088,31.4,96.9,881.875,79.734,18.156
85.62,3.043,30.9,94.1,879.219,79.734,16.859
85.79,3.078,31.2,96.1,857.969,79.734,16.859
85.96,3.169,32.1,101.8,855.312,76.781,15.563
86.13,3.143,31.9,100.3,842.031,73.828,15.563
86.30,3.145,31.9,100.3,847.344,73.828,15.563
86.47,3.071,31.2,95.8,855.312,73.828,15.563
86.64,3.091,31.4,97.0,857.969,76.781,15.563
86.81,3.006,30.6,91.9,860.625,76.781,15.563
86.98,2.975,30.2,89.8,868.594,79.734,15.563
87.15,2.999,30.4,91.3,873.906,79.734,15.563
87.32,3.075,31.2,95.9,871.250,79.734,15.563
87.49,3.134,31.8,99.6,873.906,79.734,16.859
87.65,3.064,31.1,95.3,881.875,79.734,16.859
87.82,3.066,31.1,95.4,876.562,79.734,16.859
87.99,3.044,30.9,94.0,887.187,82.688,16.859
88.16,3.066,31.2,95.6,887.187,79.734,16.859
88.33,3.091,31.4,97.0,887.187,79.734,16.859
88.50,3.031,30.7,93.2,889.844,82.688,16.859
88.67,3.038,30.8,93.7,887.187,79.734,16.859
88.84,3.131,31.8,99.5,876.562,79.734,16.859
89.01,3.110,31.6,98.3,873.906,79.734,16.859
89.18,3.022,30.7,92.7,884.531,79.734,16.859
89.35,2.987,30.4,90.7,887.187,82.688,16.859
89.52,3.018,30.6,92.4,887.187,82.688,16.859
89.68,3.071,31.2,95.7,887.187,79.734,16.859
89.85,3.047,30.9,94.3,889.844,82.688,16.859
90.02,3.038,30.8,93.7,892.500,82.688,16.859
90.19,3.014,30.6,92.2,892.500,82.688,18.156
90.36,3.016,30.6,92.3,905.781,82.688,18.156
90.53,3.004,30.5,91.6,908.437,82.688,18.156
90.70,2.955,30.0,88.7,911.094,82.688,18.156
90.87,2.924,29.7,86.9,908.437,82.688,18.156
91.04,2.934,29.7,87.2,897.813,85.641,19.453
91.21,2.971,30.1,89.4,903.125,82.688,19.453
91.38,2.988,30.3,90.6,900.469,82.688,19.453
91.55,3.038,30.8,93.6,897.813,82.688,18.156
91.71,3.075,31.2,96.0,889.844,82.688,18.156
91.88,3.078,31.2,96.0,884.531,82.688,18.156
92.05,3.086,31.3,96.7,873.906,79.734,16.859
92.22,3.123,31.7,99.1,844.688,70.875,15.563
92.39,3.185,32.3,102.9,868.594,70.875,14.266
92.56,3.178,32.3,102.6,876.562,82.688,15.563
92.73,3.157,32.1,101.2,932.344,88.594,16.859
92.90,3.138,31.8,99.9,791.563,91.547,18.156
93.07,3.038,30.9,93.8,754.375,91.547,18.156
93.24,3.086,31.3,96.7,751.719,88.594,18.156
93.41,2.955,30.0,88.7,767.656,94.500,20.750
93.58,3.018,30.6,92.3,772.969,94.500,20.750
93.75,3.043,30.9,93.9,754.375,94.500,19.453
93.91,3.051,31.0,94.6,749.062,85.641,18.156
94.08,3.079,31.2,96.2,958.906,82.688,16.859
94.25,3.015,30.6,92.4,945.625,79.734,16.859
94.42,2.943,29.9,87.9,749.062,82.688,18.156
94.59,2.923,29.6,86.6,749.062,82.688,18.156
94.76,3.007,30.5,91.8,757.031,85.641,19.453
94.93,2.968,30.1,89.4,757.031,85.641,18.156
95.10,3.066,31.1,95.3,754.375,82.688,18.156
95.27,2.966,30.1,89.2,743.750,82.688,18.156
95.44,3.171,32.1,101.9,741.094,82.688,18.156
95.61,2.955,30.1,89.1,735.781,82.688,18.156
95.78,2.727,27.8,75.9,735.781,82.688,18.156
95.94,2.862,29.1,83.3,730.469,79.734,18.156
96.11,2.831,28.7,81.3,735.781,79.734,18.156
96.28,2.975,30.3,90.0,735.781,82.688,18.156
96.45,2.831,28.8,81.4,727.812,82.688,18.156
96.62,2.781,28.2,78.5,741.094,85.641,18.156
96.79,2.958,30.0,88.6,746.406,91.547,18.156
96.96,2.882,29.3,84.3,743.750,91.547,18.156
97.13,2.874,29.2,83.8,762.344,94.500,19.453
97.30,3.122,31.7,99.1,778.281,94.500,20.750
97.47,2.958,30.0,88.8,956.250,88.594,18.156
97.64,3.237,32.8,106.3,916.406,82.688,15.563
97.81,3.064,31.1,95.2,916.406,76.781,14.266
97.97,3.106,31.4,97.6,911.094,76.781,14.266
98.14,3.229,32.7,105.7,892.500,67.922,11.672
98.31,3.319,33.7,111.8,847.344,56.109,10.375
98.48,3.310,33.6,111.3,834.062,41.344,9.078
98.65,3.294,33.4,110.1,842.031,41.344,9.078
98.82,3.213,32.6,104.8,903.125,64.969,12.969
98.99,2.924,29.5,86.4,746.406,94.500,20.750
99.16,2.960,30.0,88.8,929.687,88.594,24.641
99.33,2.875,29.2,84.0,1253.750,85.641,27.234
99.50,2.740,27.9,76.4,1641.563,82.688,27.234
99.67,2.314,23.6,54.6,1678.750,82.688,28.531
99.83,2.161,21.9,47.4,1644.219,82.688,28.531
100.00,2.545,25.8,65.8,1569.844,85.641,27.234
100.17,2.531,25.7,65.0,1535.313,85.641,27.234
100.34,2.575,26.1,67.2,1341.406,85.641,27.234
100.51,2.571,26.1,67.2,1216.563,88.594,27.234
100.68,2.733,27.8,75.9,876.562,91.547,24.641
100.85,2.846,28.9,82.2,717.187,94.500,22.047
101.02,2.879,29.2,84.2,698.594,94.500,19.453
101.19,2.931,29.7,87.1,690.625,94.500,19.453
101.36,2.940,29.9,87.8,677.344,91.547,18.156
101.53,2.824,28.7,81.1,666.719,88.594,18.156
101.70,2.811,28.5,80.1,666.719,88.594,18.156
101.87,2.790,28.3,78.9,666.719,88.594,18.156
102.04,2.761,28.1,77.6,669.375,88.594,19.453
102.21,2.732,27.8,75.9,666.719,88.594,18.156
102.38,2.796,28.4,79.4,672.031,91.547,19.453
102.54,2.871,29.2,83.7,674.687,91.547,18.156
102.71,2.835,28.8,81.6,672.031,88.594,18.156
102.88,2.882,29.3,84.3,672.031,88.594,18.156
103.05,2.876,29.2,84.1,672.031,88.594,18.156
103.22,2.902,29.5,85.5,669.375,88.594,18.156
103.39,2.891,29.3,84.8,669.375,88.594,18.156
103.56,2.890,29.3,84.8,672.031,88.594,18.156
103.73,2.887,29.3,84.6,672.031,88.594,18.156
103.90,2.891,29.4,85.0,672.031,88.594,18.156
104.07,2.872,29.2,83.8,672.031,88.594,18.156
104.24,2.882,29.3,84.4,669.375,88.594,18.156
104.41,2.919,29.7,86.6,669.375,88.594,16.859
104.57,2.879,29.3,84.4,669.375,88.594,18.156
104.74,2.916,29.6,86.4,664.062,85.641,16.859
104.91,2.862,29.1,83.3,645.469,85.641,15.563
105.08,2.856,29.0,82.8,645.469,85.641,15.563
105.25,2.915,29.6,86.3,642.812,82.688,15.563
105.42,2.862,29.1,83.2,645.469,82.688,15.563
105.59,2.860,29.1,83.2,642.812,82.688,15.563
105.76,2.876,29.2,84.1,645.469,85.641,15.563
105.93,2.911,29.6,86.1,645.469,85.641,15.563
106.10,3.016,30.7,92.7,648.125,85.641,15.563
106.27,3.410,34.6,118.1,648.125,85.641,15.563
106.44,3.295,33.5,110.4,645.469,85.641,15.563
106.61,3.271,33.3,108.9,645.469,85.641,15.563
106.77,3.299,33.5,110.5,640.156,85.641,16.859
106.94,3.249,33.0,107.2,597.656,73.828,15.563
107.11,3.358,34.1,114.4,470.156,26.578,7.781
107.28,3.330,33.8,112.7,4972.500,44.297,23.344
107.45,3.237,32.9,106.5,3543.438,23.625,25.937
107.62,3.121,31.7,98.9,3046.719,20.672,25.937
107.79,3.145,32.0,100.5,3495.625,23.625,25.937
107.96,3.154,32.0,101.0,2924.531,20.672,25.937
108.13,3.139,31.9,100.1,3237.969,23.625,25.937
108.30,3.137,31.9,100.1,3939.219,32.484,27.234
108.47,3.205,32.6,104.5,2890.000,32.484,28.531
108.64,3.221,32.7,105.4,3809.063,29.531,25.937
108.80,3.219,32.7,105.3,3328.281,32.484,28.531
108.97,3.217,32.7,105.2,1700.000,38.391,22.047
109.14,3.221,32.7,105.4,935.000,53.156,20.750
109.31,3.218,32.7,105.2,605.625,76.781,20.750
109.48,3.227,32.8,106.0,2332.187,44.297,23.344
109.65,3.234,32.9,106.4,3843.594,32.484,27.234
109.82,3.241,32.9,106.7,2879.375,20.672,25.937
109.99,3.246,33.0,107.0,2927.188,20.672,25.937
110.16,3.239,32.9,106.7,1779.688,14.766,27.234
110.33,3.222,32.8,105.6,1205.938,11.813,25.937
110.50,3.211,32.7,104.9,2929.844,20.672,25.937
110.67,3.210,32.6,104.6,2682.812,17.719,25.937
110.83,3.215,32.7,105.0,1160.781,5.906,20.750
111.00,3.226,32.8,105.8,435.625,5.906,23.344
111.17,3.229,32.8,106.0,1267.031,11.813,25.937
111.34,3.230,32.8,106.1,1394.531,14.766,27.234
111.51,3.239,32.9,106.6,2890.000,29.531,28.531
111.68,3.253,33.1,107.6,1197.969,44.297,22.047
111.85,3.257,33.1,107.8,1492.813,56.109,23.344
112.02,3.253,33.1,107.7,759.687,88.594,23.344
112.19,3.242,33.0,106.9,727.812,88.594,23.344
112.36,3.243,32.9,106.8,717.187,88.594,23.344
112.53,3.253,33.1,107.6,709.219,88.594,23.344
112.69,3.255,33.1,107.8,698.594,88.594,23.344
112.86,3.258,33.1,107.9,693.281,88.594,23.344
113.03,3.246,33.0,107.0,677.344,88.594,22.047
113.20,3.266,33.2,108.5,669.375,91.547,20.750
113.37,3.207,32.6,104.7,770.312,91.547,23.344
113.54,3.022,30.7,92.8,1625.625,70.875,24.641
113.71,2.729,27.7,75.7,1968.281,59.062,23.344
113.88,2.688,27.4,73.6,2122.344,59.062,24.641
114.05,2.704,27.5,74.3,2156.875,64.969,24.641
114.22,2.705,27.5,74.4,2148.906,64.969,24.641
114.39,2.681,27.3,73.1,2170.156,64.969,24.641
114.56,2.740,27.9,76.6,2194.063,64.969,24.641
114.72,3.139,31.9,100.2,2199.375,64.969,24.641
114.89,3.347,34.0,113.8,1928.438,62.016,24.641
115.06,3.391,34.5,117.1,1917.813,67.922,24.641
115.23,3.265,33.2,108.5,1923.125,67.922,24.641
115.40,3.207,32.6,104.7,1885.938,64.969,24.641
115.57,3.177,32.3,102.7,1569.844,76.781,24.641
115.74,3.072,31.3,96.1,2063.906,64.969,24.641
115.91,3.028,30.8,93.2,2215.313,59.062,24.641
116.08,3.100,31.5,97.7,1870.000,70.875,24.641
116.25,3.122,31.7,99.1,2114.375,70.875,25.937
116.42,2.504,25.4,63.7,2573.906,79.734,25.937
116.59,2.515,25.6,64.3,2451.719,62.016,24.641
116.75,2.505,25.5,63.9,3224.687,50.203,24.641
116.92,2.517,25.6,64.4,2828.906,53.156,24.641
117.10,2.536,25.8,65.4,2818.281,56.109,24.641
117.26,2.563,26.0,66.7,2807.656,56.109,24.641
117.43,2.537,25.8,65.4,2802.344,56.109,24.641
117.60,2.484,25.2,62.7,2789.063,56.109,24.641
117.77,2.523,25.7,64.7,2762.500,59.062,24.641
117.94,2.640,26.8,70.8,2709.375,59.062,24.641
118.11,2.747,28.0,76.8,2672.188,62.016,24.641
118.28,2.779,28.3,78.5,2693.437,62.016,25.937
118.45,2.928,29.8,87.4,2587.188,64.969,25.937
118.62,3.008,30.6,92.2,2393.281,67.922,25.937
118.79,3.074,31.3,96.1,2488.906,64.969,25.937
118.96,3.062,31.1,95.3,2635.000,62.016,25.937
119.13,3.040,30.9,94.1,2696.094,62.016,25.937
119.29,3.035,30.8,93.6,2775.781,59.062,25.937
119.46,2.996,30.5,91.3,2791.719,56.109,25.937
119.63,3.016,30.6,92.3,2874.062,56.109,24.641
119.80,2.984,30.3,90.4,2892.656,56.109,24.641
119.97,2.988,30.4,90.8,2937.813,53.156,24.641
120.14,2.967,30.1,89.3,2948.437,53.156,24.641
120.31,3.008,30.6,92.0,3001.562,50.203,24.641
120.48,2.984,30.3,90.4,2929.844,53.156,24.641
120.65,2.922,29.7,86.7,2977.656,53.156,24.641
120.82,2.931,29.8,87.3,2959.063,53.156,24.641
120.99,2.902,29.5,85.7,2964.375,53.156,24.641
121.16,2.942,29.9,88.1,2943.125,53.156,24.641
121.33,2.970,30.2,89.6,2916.563,50.203,24.641
121.50,3.011,30.6,92.1,2733.281,53.156,24.641
121.66,3.026,30.7,93.0,2709.375,53.156,24.641
121.83,3.040,31.0,94.2,2701.406,53.156,24.641
122.00,3.074,31.2,96.0,2696.094,56.109,24.641
122.17,3.100,31.5,97.6,2698.750,53.156,24.641
122.34,3.051,31.0,94.7,2701.406,53.156,24.641
122.51,3.064,31.1,95.4,2725.313,53.156,24.641
122.68,3.004,30.5,91.7,2720.000,53.156,24.641
122.85,3.058,31.1,95.1,2733.281,53.156,24.641
123.02,2.987,30.4,90.7,2733.281,53.156,24.641
123.19,3.051,31.0,94.6,2727.969,53.156,24.641
123.36,3.042,30.9,93.9,2725.313,53.156,24.641
123.53,2.988,30.4,90.8,2733.281,53.156,24.641
123.69,3.062,31.1,95.3,2730.625,53.156,24.641
123.86,3.032,30.8,93.5,2727.969,53.156,24.641
124.03,2.978,30.3,90.1,2730.625,53.156,24.641
124.20,2.996,30.5,91.3,2727.969,53.156,24.641
124.38,3.007,30.6,91.9,2751.875,53.156,24.641
124.55,2.984,30.3,90.4,2743.906,53.156,24.641
124.72,2.956,30.0,88.8,2783.750,53.156,24.641
124.89,2.939,29.9,87.9,2751.875,53.156,24.641
125.06,2.968,30.2,89.5,2773.125,53.156,24.641
125.23,2.963,30.1,89.1,2778.437,53.156,24.641
125.40,2.943,29.9,88.0,2773.125,50.203,24.641
125.57,2.900,29.5,85.5,2765.156,50.203,24.641
